timestamp,open,close,high,low,volume
2017-09-25T09:00:00,4201000.0,4322000.0,4333000.0,4175000.0,132.48475499
2017-09-26T09:00:00,4317000.0,4321000.0,4418000.0,4311000.0,22.78833969
2017-09-27T09:00:00,4322000.0,4657000.0,4677000.0,4318000.0,32.2696617
2017-09-28T09:00:00,4657000.0,4586000.0,4772000.0,4519000.0,80.5882434
2017-09-29T09:00:00,4586000.0,4657000.0,4709000.0,4476000.0,59.35237346
2017-09-30T09:00:00,4657000.0,4895000.0,4896000.0,4651000.0,19.99848332
2017-10-01T09:00:00,4889000.0,4962000.0,4978000.0,4682000.0,27.32333246
2017-10-02T09:00:00,4962000.0,5025000.0,5095000.0,4956000.0,31.72800385
2017-10-03T09:00:00,5021000.0,4964000.0,5079000.0,4811000.0,11.89930699
2017-10-04T09:00:00,4987000.0,4895000.0,5002000.0,4837000.0,7.03874388
2017-10-05T09:00:00,4894000.0,4926000.0,4993000.0,4811000.0,5.36365175
2017-10-06T09:00:00,4927000.0,5027000.0,5034000.0,4885000.0,25.16382027
2017-10-07T09:00:00,4983000.0,5047000.0,5070000.0,4935000.0,4.343932
2017-10-08T09:00:00,5044000.0,5217000.0,5263000.0,4993000.0,145.91785961
2017-10-09T09:00:00,5222000.0,5477000.0,5761000.0,5188000.0,8.07043419
2017-10-10T09:00:00,5469000.0,5486000.0,5665000.0,5459000.0,11.69369387
2017-10-11T09:00:00,5533000.0,5557000.0,5605000.0,5451000.0,4.21265003
2017-10-12T09:00:00,5569000.0,6332000.0,6377000.0,5515000.0,20.91828711
2017-10-13T09:00:00,6346000.0,6438000.0,6950000.0,6149000.0,26.82608423
2017-10-14T09:00:00,6427000.0,6664000.0,6664000.0,6322000.0,3.35282452
2017-10-15T09:00:00,6610000.0,6381000.0,6700000.0,6142000.0,7.63078273
2017-10-16T09:00:00,6403000.0,6491000.0,6527000.0,6282000.0,22.92663476
2017-10-17T09:00:00,6495000.0,6457000.0,6510000.0,6299000.0,4.24133721
2017-10-18T09:00:00,6413000.0,6391000.0,6489000.0,5876000.0,36.00111898
2017-10-19T09:00:00,6405000.0,6511000.0,6596000.0,6109000.0,11.95565558
2017-10-20T09:00:00,6536000.0,6928000.0,6954000.0,6395000.0,21.97426401
2017-10-21T09:00:00,6928000.0,6874000.0,7253000.0,6773000.0,5.46210809
2017-10-22T09:00:00,6858000.0,7039000.0,7060000.0,6709000.0,4.39101644
2017-10-23T09:00:00,7017000.0,6971000.0,7100000.0,6668000.0,14.03934445
2017-10-24T09:00:00,7034000.0,6479000.0,7052000.0,6350000.0,98.67422940000002
2017-10-25T09:00:00,6479000.0,6643000.0,6644000.0,6212000.0,108.36397361
2017-10-26T09:00:00,6643000.0,6811000.0,6873000.0,6534000.0,428.50851968
2017-10-27T09:00:00,6765000.0,6710000.0,6950000.0,6633000.0,431.20412963
2017-10-28T09:00:00,6708000.0,6715000.0,6800000.0,6600000.0,404.19563617
2017-10-29T09:00:00,6715000.0,6961000.0,7030000.0,6588000.0,656.27989369
2017-10-30T09:00:00,6961000.0,6964000.0,7007000.0,6809000.0,521.84628417
2017-10-31T09:00:00,6965000.0,7422000.0,7479000.0,6965000.0,1170.54812455
2017-11-01T09:00:00,7422000.0,7798000.0,7799000.0,7256000.0,1164.45059943
2017-11-02T09:00:00,7790000.0,8217000.0,8596000.0,7500000.0,1806.67768011
2017-11-03T09:00:00,8219000.0,8143000.0,8478000.0,8000000.0,1025.40458685
2017-11-04T09:00:00,8136000.0,8346000.0,8400000.0,7560000.0,881.59851324
2017-11-05T09:00:00,8345000.0,8453000.0,8620000.0,8280000.0,993.49954201
2017-11-06T09:00:00,8454000.0,8060000.0,8480000.0,8030000.0,1914.09607157
2017-11-07T09:00:00,8060000.0,8243000.0,8413000.0,8050000.0,1858.95589505
2017-11-08T09:00:00,8244000.0,8339000.0,8639000.0,8060000.0,2280.72049163
2017-11-09T09:00:00,8338000.0,8148000.0,8340000.0,8041000.0,2491.80910057
2017-11-10T09:00:00,8150000.0,7541000.0,8240000.0,7320000.0,3612.89564315
2017-11-11T09:00:00,7541000.0,7231000.0,7897000.0,7009000.0,3407.25730505
2017-11-12T09:00:00,7231000.0,7132000.0,8250000.0,6476000.0,8255.02328981
2017-11-13T09:00:00,7132000.0,7487000.0,7898000.0,6921000.0,9275.45757255
2017-11-14T09:00:00,7471000.0,7591000.0,7699000.0,7430000.0,6500.25828248
2017-11-15T09:00:00,7592000.0,8350000.0,8397000.0,7560000.0,7565.29668171
2017-11-16T09:00:00,8350000.0,8710000.0,8750000.0,8150000.0,7885.12189571
2017-11-17T09:00:00,8710000.0,8541000.0,8899000.0,8400000.0,8479.64307876
2017-11-18T09:00:00,8542000.0,8618000.0,8699000.0,8356000.0,8359.23158399
2017-11-19T09:00:00,8618000.0,8770000.0,8888000.0,8495000.0,6018.17460761
2017-11-20T09:00:00,8770000.0,9025000.0,9181000.0,8655000.0,11144.14671373
2017-11-21T09:00:00,8994000.0,8944000.0,9230000.0,8500000.0,14774.66683164
2017-11-22T09:00:00,8944000.0,9084000.0,9200000.0,8932000.0,13847.87059897
2017-11-23T09:00:00,9084000.0,8943000.0,9134000.0,8905000.0,13841.87719654
2017-11-24T09:00:00,8945000.0,9195000.0,9670000.0,7182000.0,22584.05850985
2017-11-25T09:00:00,9195000.0,9879000.0,9908000.0,8930000.0,13583.46813243
2017-11-26T09:00:00,9879000.0,10344000.0,10750000.0,9751000.0,21616.95893054
2017-11-27T09:00:00,10339000.0,11314000.0,11320000.0,10333000.0,19495.17150332
2017-11-28T09:00:00,11315000.0,12048000.0,12074000.0,11111000.0,31149.61770187
2017-11-29T09:00:00,12050000.0,11104000.0,13750000.0,10800000.0,46072.10048672
2017-11-30T09:00:00,11114000.0,11935000.0,12550000.0,10017000.0,41015.72824001
2017-12-01T09:00:00,11935000.0,12532000.0,12680000.0,11201000.0,30105.44287949
2017-12-02T09:00:00,12532000.0,12971000.0,13180000.0,12350000.0,29070.16589351
2017-12-03T09:00:00,12970000.0,13128000.0,13529000.0,12840000.0,26158.44322038
2017-12-04T09:00:00,13120000.0,13684000.0,13688000.0,13119000.0,23034.66918821
2017-12-05T09:00:00,13683000.0,14645000.0,14794000.0,13612000.0,27842.82483202
2017-12-06T09:00:00,14645000.0,18390000.0,19006000.0,14645000.0,46874.81572282
2017-12-07T09:00:00,18389000.0,23791000.0,23860000.0,17965000.0,55171.05694429
2017-12-08T09:00:00,23795000.0,20260000.0,24967000.0,16521000.0,101681.96225121
2017-12-09T09:00:00,20259000.0,17769000.0,20877000.0,15257000.0,57286.61272035
2017-12-10T09:00:00,17769000.0,17661000.0,18537000.0,13744000.0,87737.90180131
2017-12-11T09:00:00,17661000.0,19307000.0,19989000.0,17520000.0,49104.26522594
2017-12-12T09:00:00,19307000.0,18940000.0,19549000.0,18497000.0,37765.66828121
2017-12-13T09:00:00,18943000.0,18358000.0,19301000.0,17379000.0,38816.44091324
2017-12-14T09:00:00,18356000.0,18660000.0,19312000.0,18101000.0,39274.3089533
2017-12-15T09:00:00,18664000.0,20075000.0,21558000.0,18539000.0,53514.06078424
2017-12-16T09:00:00,20080000.0,22205000.0,22475000.0,19810000.0,41694.09111338
2017-12-17T09:00:00,22208000.0,21881000.0,22961000.0,21000000.0,35122.33783135
2017-12-18T09:00:00,21881000.0,22087000.0,22280000.0,20980000.0,39510.42923015
2017-12-19T09:00:00,22086000.0,22367000.0,23741000.0,20450000.0,48064.50573599
2017-12-20T09:00:00,22385000.0,22638000.0,23299000.0,20600000.0,41426.79458212
2017-12-21T09:00:00,22638000.0,22200000.0,23950000.0,20750000.0,43263.77604079
2017-12-22T09:00:00,22200000.0,19089000.0,22840000.0,16105000.0,79976.23837469
2017-12-23T09:00:00,19090000.0,20525000.0,21120000.0,18312000.0,58485.96741678
2017-12-24T09:00:00,20523000.0,19592000.0,20770000.0,18499000.0,47643.13660186
2017-12-25T09:00:00,19589000.0,19822000.0,19950000.0,19210000.0,36350.71167524
2017-12-26T09:00:00,19820000.0,21933000.0,22750000.0,19730000.0,54654.19806036
2017-12-27T09:00:00,21932000.0,21970000.0,22650000.0,21074000.0,37639.65248022
2017-12-28T09:00:00,21964000.0,19565000.0,22000000.0,18323000.0,45244.24799131
2017-12-29T09:00:00,19565000.0,19290000.0,19738000.0,18530000.0,37594.01226698
2017-12-30T09:00:00,19290000.0,18415000.0,19478000.0,17800000.0,42305.07850317
2017-12-31T09:00:00,18401000.0,19280000.0,19637000.0,18208000.0,29363.72193703
2018-01-01T09:00:00,19278000.0,18860000.0,19420000.0,18290000.0,27949.67613401
2018-01-02T09:00:00,18875000.0,20263000.0,21720000.0,18510000.0,41968.47300909
2018-01-03T09:00:00,20263000.0,20900000.0,21329000.0,19520000.0,43168.2576045
2018-01-04T09:00:00,20899000.0,23402000.0,23685000.0,19700000.0,45192.45174241
2018-01-05T09:00:00,23403000.0,27444000.0,28589000.0,22338000.0,56774.849841699994
2018-01-06T09:00:00,27451000.0,26924000.0,28885000.0,23966000.0,48971.92813081
2018-01-07T09:00:00,26924000.0,25859000.0,27210000.0,24543000.0,31015.72258622
2018-01-08T09:00:00,25859000.0,25230000.0,26449000.0,23850000.0,44839.78332164
2018-01-09T09:00:00,25200000.0,24016000.0,25786000.0,22858000.0,41558.52968619
2018-01-10T09:00:00,24015000.0,21317000.0,24200000.0,19689000.0,43736.28693252
2018-01-11T09:00:00,21300000.0,19389000.0,21890000.0,14104000.0,61924.52562032
2018-01-12T09:00:00,19359000.0,20745000.0,21143000.0,18005000.0,43734.14210793
2018-01-13T09:00:00,20750000.0,21135000.0,21399000.0,19886000.0,30172.38452901
2018-01-14T09:00:00,21130000.0,19206000.0,21299000.0,18131000.0,30105.53009772
2018-01-15T09:00:00,19210000.0,19106000.0,20143000.0,18201000.0,29582.95249892
2018-01-16T09:00:00,19107000.0,14279000.0,19219000.0,11543000.0,59293.11406178
2018-01-17T09:00:00,14279000.0,14951000.0,15722000.0,11901000.0,60203.17701055
2018-01-18T09:00:00,14954000.0,14880000.0,16370000.0,13650000.0,44001.92022842
2018-01-19T09:00:00,14879000.0,15372000.0,15448000.0,14352000.0,27555.99477285
2018-01-20T09:00:00,15370000.0,16858000.0,17208000.0,15225000.0,51147.45641776
2018-01-21T09:00:00,16852000.0,14640000.0,16943000.0,13735000.0,44140.37058853
2018-01-22T09:00:00,14640000.0,13944000.0,14910000.0,12981000.0,30529.67525826
2018-01-23T09:00:00,13968000.0,13141000.0,14044000.0,12311000.0,28032.38238629
2018-01-24T09:00:00,13139000.0,13450000.0,13780000.0,12600000.0,24236.06233141
2018-01-25T09:00:00,13450000.0,12973000.0,13900000.0,12800000.0,18943.75635587
2018-01-26T09:00:00,12973000.0,12876000.0,13350000.0,11500000.0,30279.96147663
2018-01-27T09:00:00,12876000.0,12900000.0,13132000.0,12300000.0,18535.39984957
2018-01-28T09:00:00,12903000.0,13352000.0,13570000.0,12810000.0,20508.73672486
2018-01-29T09:00:00,13351000.0,12909000.0,13489000.0,12560000.0,15844.07278917
2018-01-30T09:00:00,12909000.0,11627000.0,12957000.0,11310000.0,21206.17024434
2018-01-31T09:00:00,11658000.0,11429000.0,11900000.0,10400000.0,23175.02109439
2018-02-01T09:00:00,11439000.0,10070000.0,11490000.0,10011000.0,22225.67551126
2018-02-02T09:00:00,10061000.0,9410000.0,10120000.0,7830000.0,52018.46095277
2018-02-03T09:00:00,9410000.0,9520000.0,10200000.0,8400000.0,25405.73722415
2018-02-04T09:00:00,9524000.0,8900000.0,10158000.0,8765000.0,18781.02389914
2018-02-05T09:00:00,8900000.0,7832000.0,9250000.0,7715000.0,20709.59917348
2018-02-06T09:00:00,7831000.0,8642000.0,8698000.0,6620000.0,44456.45172294
2018-02-07T09:00:00,8646000.0,8387000.0,9199000.0,7990000.0,33928.15634331
2018-02-08T09:00:00,8410000.0,9480000.0,9690000.0,8410000.0,38113.82546535
2018-02-09T09:00:00,9479000.0,9929000.0,9934000.0,9041000.0,29459.15309411
2018-02-10T09:00:00,9929000.0,9959000.0,10656000.0,9475000.0,33057.11964565
2018-02-11T09:00:00,9958000.0,9320000.0,10045000.0,9021000.0,17672.61615308
2018-02-12T09:00:00,9319000.0,10140000.0,10195000.0,9305000.0,14756.72285892
2018-02-13T09:00:00,10149000.0,9906000.0,10220000.0,9630000.0,13735.57073936
2018-02-14T09:00:00,9906000.0,10473000.0,10510000.0,9896000.0,17264.67105928
2018-02-15T09:00:00,10473000.0,11357000.0,11459000.0,10355000.0,26678.52011813
2018-02-16T09:00:00,11357000.0,11462000.0,11800000.0,11151000.0,20284.75192278
2018-02-17T09:00:00,11452000.0,12300000.0,12318000.0,11400000.0,34046.21887429
2018-02-18T09:00:00,12300000.0,11966000.0,12755000.0,11522000.0,44163.19851131
2018-02-19T09:00:00,11966000.0,12649000.0,12663000.0,11862000.0,22700.15187526
2018-02-20T09:00:00,12649000.0,13548000.0,14149000.0,12645000.0,41015.58477391
2018-02-21T09:00:00,13542000.0,12815000.0,13650000.0,12411000.0,37637.76832665
2018-02-22T09:00:00,12823000.0,11763000.0,13031000.0,11660000.0,37219.85617238
2018-02-23T09:00:00,11761000.0,12065000.0,12170000.0,11271000.0,31053.11554548
2018-02-24T09:00:00,12065000.0,11553000.0,12359000.0,11281000.0,21762.37417394
2018-02-25T09:00:00,11553000.0,11230000.0,11613000.0,10805000.0,16499.63847015
2018-02-26T09:00:00,11230000.0,11773000.0,11884000.0,10828000.0,24307.10812212
2018-02-27T09:00:00,11778000.0,11951000.0,12165000.0,11463000.0,20616.46007981
2018-02-28T09:00:00,11957000.0,11860000.0,12405000.0,11777000.0,21114.42802459
2018-03-01T09:00:00,11865000.0,12214000.0,12250000.0,11603000.0,20882.28518046
2018-03-02T09:00:00,12214000.0,12465000.0,12581000.0,12123000.0,23945.11755659
2018-03-03T09:00:00,12465000.0,12831000.0,12831000.0,12347000.0,18163.17519084
2018-03-04T09:00:00,12831000.0,12592000.0,12840000.0,12255000.0,16125.74325513
2018-03-05T09:00:00,12592000.0,12746000.0,12899000.0,12451000.0,13919.50036247
2018-03-06T09:00:00,12745000.0,12023000.0,12746000.0,11900000.0,15007.19978396
2018-03-07T09:00:00,12023000.0,11200000.0,12221000.0,10900000.0,29131.72046073
2018-03-08T09:00:00,11200000.0,10517000.0,11347000.0,10473000.0,21348.23284178
2018-03-09T09:00:00,10519000.0,10418000.0,10644000.0,9306000.0,36119.23291786
2018-03-10T09:00:00,10418000.0,9863000.0,10537000.0,9802000.0,16901.3779678
2018-03-11T09:00:00,9863000.0,10520000.0,10636000.0,9552000.0,22131.28254155
2018-03-12T09:00:00,10519000.0,10213000.0,10879000.0,9895000.0,23224.57971188
2018-03-13T09:00:00,10213000.0,10168000.0,10355000.0,9900000.0,16134.0145346
2018-03-14T09:00:00,10167000.0,9153000.0,10265000.0,9000000.0,19491.85046288
2018-03-15T09:00:00,9141000.0,9115000.0,9300000.0,8438000.0,28078.89544603
2018-03-16T09:00:00,9115000.0,9095000.0,9310000.0,8763000.0,14610.88215893
2018-03-17T09:00:00,9095000.0,8667000.0,9150000.0,8521000.0,9640.05582315
2018-03-18T09:00:00,8667000.0,9018000.0,9080000.0,8056000.0,20951.81009811
2018-03-19T09:00:00,9018000.0,9718000.0,9755000.0,8870000.0,26470.16482589
2018-03-20T09:00:00,9718000.0,9829000.0,9996000.0,9160000.0,20520.44702784
2018-03-21T09:00:00,9826000.0,9919000.0,10165000.0,9738000.0,16611.83303474
2018-03-22T09:00:00,9919000.0,9783000.0,10050000.0,9505000.0,12988.83698289
2018-03-23T09:00:00,9779000.0,9847000.0,9850000.0,9253000.0,15006.67818287
2018-03-24T09:00:00,9847000.0,9580000.0,10000000.0,9550000.0,16804.4057451
2018-03-25T09:00:00,9580000.0,9477000.0,9649000.0,9408000.0,11031.07579798
2018-03-26T09:00:00,9480000.0,9052000.0,9570000.0,8801000.0,13942.96366853
2018-03-27T09:00:00,9054000.0,8651000.0,9141000.0,8520000.0,14209.6371507
2018-03-28T09:00:00,8651000.0,8730000.0,8886000.0,8560000.0,9953.7299998
2018-03-29T09:00:00,8730000.0,7915000.0,8766000.0,7780000.0,18276.83128802
2018-03-30T09:00:00,7911000.0,7602000.0,8090000.0,7431000.0,21297.75214749
2018-03-31T09:00:00,7602000.0,7697000.0,7934000.0,7540000.0,13024.44541947
2018-04-01T09:00:00,7688000.0,7482000.0,7774000.0,7087000.0,16446.53644957
2018-04-02T09:00:00,7486000.0,7710000.0,7851000.0,7390000.0,15765.52176574
2018-04-03T09:00:00,7713000.0,8092000.0,8175000.0,7643000.0,21006.76635312
2018-04-04T09:00:00,8091000.0,7492000.0,8120000.0,7403000.0,16809.36722484
2018-04-05T09:00:00,7492000.0,7408000.0,7834000.0,7188000.0,32381.00201758
2018-04-06T09:00:00,7408000.0,7280000.0,7488000.0,7125000.0,9428.54399951
2018-04-07T09:00:00,7277000.0,7533000.0,7673000.0,7232000.0,12182.3813802
2018-04-08T09:00:00,7533000.0,7622000.0,7657000.0,7480000.0,11679.05867346
2018-04-09T09:00:00,7621000.0,7450000.0,7752000.0,7290000.0,16765.03922053
2018-04-10T09:00:00,7449000.0,7428000.0,7468000.0,7263000.0,12263.522847499999
2018-04-11T09:00:00,7428000.0,7429000.0,7483000.0,7351000.0,13067.55564243
2018-04-12T09:00:00,7432000.0,8121000.0,8280000.0,7200000.0,40389.83330536
2018-04-13T09:00:00,8125000.0,8375000.0,8625000.0,7925000.0,29730.02055218
2018-04-14T09:00:00,8375000.0,8350000.0,8575000.0,8120000.0,18691.42301782
2018-04-15T09:00:00,8349000.0,8663000.0,8710000.0,8250000.0,15472.99524881
2018-04-16T09:00:00,8665000.0,8663000.0,8840000.0,8449000.0,17194.39323556
2018-04-17T09:00:00,8663000.0,8450000.0,8704000.0,8360000.0,24694.92021697
2018-04-18T09:00:00,8450000.0,8652000.0,8679000.0,8445000.0,20637.876893599998
2018-04-19T09:00:00,8652000.0,8994000.0,8999000.0,8601000.0,28767.85905612
2018-04-20T09:00:00,8994000.0,9552000.0,9666000.0,8710000.0,25528.47959504
2018-04-21T09:00:00,9552000.0,9735000.0,9845000.0,9285000.0,18553.75599688
2018-04-22T09:00:00,9735000.0,9602000.0,9757000.0,9500000.0,12583.32708627
2018-04-23T09:00:00,9602000.0,9760000.0,9771000.0,9530000.0,12885.92089887
2018-04-24T09:00:00,9758000.0,10505000.0,10670000.0,9730000.0,23344.4840328
2018-04-25T09:00:00,10505000.0,9829000.0,10755000.0,9723000.0,25689.72597052
2018-04-26T09:00:00,9829000.0,10130000.0,10508000.0,9510000.0,22295.30584657
2018-04-27T09:00:00,10130000.0,9819000.0,10200000.0,9778000.0,17528.43197899
2018-04-28T09:00:00,9821000.0,10043000.0,10118000.0,9750000.0,12164.64763884
2018-04-29T09:00:00,10043000.0,10187000.0,10256000.0,9894000.0,14834.01522815
2018-04-30T09:00:00,10187000.0,10138000.0,10292000.0,9934000.0,14851.10015753
2018-05-01T09:00:00,10135000.0,9896000.0,10144000.0,9740000.0,15399.91370228
2018-05-02T09:00:00,9896000.0,10032000.0,10078000.0,9811000.0,11828.98111498
2018-05-03T09:00:00,10032000.0,10683000.0,10785000.0,10010000.0,20391.11856627
2018-05-04T09:00:00,10670000.0,10645000.0,10901000.0,10500000.0,12582.44048262
2018-05-05T09:00:00,10645000.0,10820000.0,10907000.0,10621000.0,9581.87522246
2018-05-06T09:00:00,10820000.0,10684000.0,10963000.0,10500000.0,8806.00591903
2018-05-07T09:00:00,10684000.0,10422000.0,10721000.0,10264000.0,8143.48490464
2018-05-08T09:00:00,10439000.0,10233000.0,10499000.0,10130000.0,7651.23404175
2018-05-09T09:00:00,10230000.0,10405000.0,10433000.0,9917000.0,9955.39479461
2018-05-10T09:00:00,10405000.0,9976000.0,10474000.0,9895000.0,9077.78269458
2018-05-11T09:00:00,9976000.0,9256000.0,9985000.0,8788000.0,20997.66993227
2018-05-12T09:00:00,9257000.0,9481000.0,9644000.0,9014000.0,10980.18990988
2018-05-13T09:00:00,9480000.0,9803000.0,9851000.0,9360000.0,8513.44899868
2018-05-14T09:00:00,9804000.0,9797000.0,9935000.0,9400000.0,12813.13382791
2018-05-15T09:00:00,9802000.0,9500000.0,9879000.0,9458000.0,8325.82703617
2018-05-16T09:00:00,9500000.0,9297000.0,9542000.0,9015000.0,12218.79341156
2018-05-17T09:00:00,9297000.0,9090000.0,9390000.0,9020000.0,6921.98679007
2018-05-18T09:00:00,9072000.0,9165000.0,9186000.0,8881000.0,5904.08097087
2018-05-19T09:00:00,9165000.0,9112000.0,9299000.0,9068000.0,6285.06750236
2018-05-20T09:00:00,9112000.0,9370000.0,9398000.0,9051000.0,4901.03255016
2018-05-21T09:00:00,9370000.0,9345000.0,9439000.0,9279000.0,4741.95012493
2018-05-22T09:00:00,9345000.0,8940000.0,9356000.0,8931000.0,4999.60324703
2018-05-23T09:00:00,8940000.0,8483000.0,9020000.0,8433000.0,8085.0532098
2018-05-24T09:00:00,8483000.0,8415000.0,8767000.0,8185000.0,8771.34270455
2018-05-25T09:00:00,8415000.0,8317000.0,8480000.0,8180000.0,4317.19540355
2018-05-26T09:00:00,8317000.0,8162000.0,8420000.0,8122000.0,3099.59149706
2018-05-27T09:00:00,8162000.0,8182000.0,8216000.0,8040000.0,2635.09988761
2018-05-28T09:00:00,8182000.0,7903000.0,8261000.0,7858000.0,5922.32658056
2018-05-29T09:00:00,7903000.0,8299000.0,8360000.0,7813000.0,6682.61704253
2018-05-30T09:00:00,8300000.0,8207000.0,8436000.0,8100000.0,6755.11057646
2018-05-31T09:00:00,8198000.0,8282000.0,8375000.0,8110000.0,4978.12880286
2018-06-01T09:00:00,8278000.0,8282000.0,8370000.0,8139000.0,3751.37371919
2018-06-02T09:00:00,8282000.0,8339000.0,8425000.0,8211000.0,3557.44198334
2018-06-03T09:00:00,8338000.0,8419000.0,8443000.0,8297000.0,3755.93937776
2018-06-04T09:00:00,8419000.0,8248000.0,8477000.0,8206000.0,3615.54200858
2018-06-05T09:00:00,8241000.0,8360000.0,8400000.0,8130000.0,3715.39795807
2018-06-06T09:00:00,8359000.0,8359000.0,8400000.0,8208000.0,3334.03058018
2018-06-07T09:00:00,8358000.0,8375000.0,8490000.0,8330000.0,3432.43923415
2018-06-08T09:00:00,8375000.0,8341000.0,8385000.0,8268000.0,2685.93901923
2018-06-09T09:00:00,8341000.0,8233000.0,8370000.0,8205000.0,1658.39383848
2018-06-10T09:00:00,8233000.0,7576000.0,8247000.0,7425000.0,7445.15112262
2018-06-11T09:00:00,7576000.0,7635000.0,7662000.0,7362000.0,4309.230986
2018-06-12T09:00:00,7635000.0,7350000.0,7685000.0,7270000.0,5044.24648135
2018-06-13T09:00:00,7350000.0,7040000.0,7390000.0,6951000.0,4943.24050185
2018-06-14T09:00:00,7039000.0,7355000.0,7380000.0,6977000.0,6511.9470463
2018-06-15T09:00:00,7363000.0,7180000.0,7399000.0,7151000.0,3302.08916025
2018-06-16T09:00:00,7180000.0,7277000.0,7336000.0,7116000.0,2031.22860933
2018-06-17T09:00:00,7275000.0,7218000.0,7329000.0,7206000.0,1502.42292843
2018-06-18T09:00:00,7231000.0,7461000.0,7550000.0,7135000.0,3050.85296824
2018-06-19T09:00:00,7461000.0,7553000.0,7649000.0,7370000.0,3830.01250877
2018-06-20T09:00:00,7553000.0,7538000.0,7594000.0,7110000.0,5808.17313215
2018-06-21T09:00:00,7538000.0,7511000.0,7580000.0,7445000.0,3078.51433366
2018-06-22T09:00:00,7511000.0,6962000.0,7537000.0,6870000.0,6852.56894387
2018-06-23T09:00:00,6965000.0,7030000.0,7100000.0,6845000.0,3078.68993934
2018-06-24T09:00:00,7030000.0,6992000.0,7144000.0,6622000.0,5399.26649924
2018-06-25T09:00:00,6985000.0,7036000.0,7129000.0,6861000.0,4418.75854986
2018-06-26T09:00:00,7034000.0,6900000.0,7070000.0,6861000.0,3141.53841943
2018-06-27T09:00:00,6894000.0,6925000.0,6970000.0,6830000.0,3051.01947771
2018-06-28T09:00:00,6925000.0,6682000.0,6965000.0,6649000.0,2655.94861923
2018-06-29T09:00:00,6671000.0,6958000.0,7078000.0,6590000.0,3607.75854253
2018-06-30T09:00:00,6958000.0,7164000.0,7290000.0,6950000.0,5213.79828927
2018-07-01T09:00:00,7164000.0,7109000.0,7212000.0,7002000.0,3151.10448153
2018-07-02T09:00:00,7109000.0,7297000.0,7358000.0,7024000.0,5925.85399143
2018-07-03T09:00:00,7289000.0,7298000.0,7399000.0,7231000.0,5239.81753579
2018-07-04T09:00:00,7298000.0,7329000.0,7500000.0,7104000.0,4984.70182867
2018-07-05T09:00:00,7329000.0,7377000.0,7445000.0,7270000.0,4272.33855027
2018-07-06T09:00:00,7377000.0,7480000.0,7488000.0,7282000.0,5355.98766532
2018-07-07T09:00:00,7480000.0,7550000.0,7638000.0,7361000.0,2077.59204362
2018-07-08T09:00:00,7564000.0,7516000.0,7585000.0,7450000.0,2801.16193621
2018-07-09T09:00:00,7515000.0,7474000.0,7623000.0,7451000.0,3713.61975808
2018-07-10T09:00:00,7474000.0,7140000.0,7518000.0,7127000.0,5199.60476183
2018-07-11T09:00:00,7141000.0,7226000.0,7269000.0,7110000.0,3913.795349
2018-07-12T09:00:00,7227000.0,7090000.0,7230000.0,6941000.0,3724.82852502
2018-07-13T09:00:00,7094000.0,7054000.0,7165000.0,6973000.0,3729.95994294
2018-07-14T09:00:00,7054000.0,7109000.0,7160000.0,7036000.0,1978.79800196
2018-07-15T09:00:00,7109000.0,7178000.0,7226000.0,7088000.0,2385.70929754
2018-07-16T09:00:00,7179000.0,7454000.0,7468000.0,7140000.0,6215.79333942
2018-07-17T09:00:00,7454000.0,8080000.0,8140000.0,7419000.0,8866.81669526
2018-07-18T09:00:00,8080000.0,8302000.0,8450000.0,8071000.0,9226.44969555
2018-07-19T09:00:00,8292000.0,8443000.0,8512000.0,8157000.0,6091.92994513
2018-07-20T09:00:00,8443000.0,8351000.0,8671000.0,8300000.0,7480.68995162
2018-07-21T09:00:00,8351000.0,8367000.0,8387000.0,8185000.0,3409.02111567
2018-07-22T09:00:00,8367000.0,8349000.0,8530000.0,8270000.0,3853.45997189
2018-07-23T09:00:00,8347000.0,8752000.0,8844000.0,8275000.0,9851.82951569
2018-07-24T09:00:00,8752000.0,9452000.0,9525000.0,8701000.0,16483.79995859
2018-07-25T09:00:00,9458000.0,9158000.0,9578000.0,9054000.0,11238.21728445
2018-07-26T09:00:00,9158000.0,8950000.0,9299000.0,8815000.0,7716.0562582
2018-07-27T09:00:00,8950000.0,9122000.0,9259000.0,8780000.0,10051.36343373
2018-07-28T09:00:00,9138000.0,9225000.0,9229000.0,9064000.0,3917.2811501999995
2018-07-29T09:00:00,9229000.0,9238000.0,9310000.0,9153000.0,4119.53145198
2018-07-30T09:00:00,9238000.0,9270000.0,9280000.0,8955000.0,5498.91600049
2018-07-31T09:00:00,9270000.0,8800000.0,9278000.0,8690000.0,8921.98646091
2018-08-01T09:00:00,8807000.0,8726000.0,8844000.0,8548000.0,6033.26071739
2018-08-02T09:00:00,8725000.0,8731000.0,8940000.0,8626000.0,6310.22735019
2018-08-03T09:00:00,8730000.0,8508000.0,8730000.0,8372000.0,6142.54285504
2018-08-04T09:00:00,8508000.0,8074000.0,8610000.0,8000000.0,5211.46198607
2018-08-05T09:00:00,8074000.0,8077000.0,8181000.0,7915000.0,3578.83736395
2018-08-06T09:00:00,8075000.0,7982000.0,8200000.0,7900000.0,3802.49007138
2018-08-07T09:00:00,7973000.0,7760000.0,8190000.0,7750000.0,5910.20815105
2018-08-08T09:00:00,7760000.0,7308000.0,7766000.0,7217000.0,7975.33732224
2018-08-09T09:00:00,7310000.0,7543000.0,7644000.0,7203000.0,6342.05809593
2018-08-10T09:00:00,7546000.0,7230000.0,7608000.0,7100000.0,5780.775775
2018-08-11T09:00:00,7227000.0,7325000.0,7590000.0,7127000.0,5066.85216567
2018-08-12T09:00:00,7325000.0,7395000.0,7540000.0,7279000.0,2682.39145374
2018-08-13T09:00:00,7396000.0,7387000.0,7637000.0,7288000.0,5711.07392516
2018-08-14T09:00:00,7386000.0,7233000.0,7386000.0,6960000.0,8027.8392352
2018-08-15T09:00:00,7233000.0,7332000.0,7600000.0,7206000.0,7158.7926916999995
2018-08-16T09:00:00,7332000.0,7337000.0,7487000.0,7260000.0,5318.93470139
2018-08-17T09:00:00,7338000.0,7496000.0,7526000.0,7306000.0,6653.00143771
2018-08-18T09:00:00,7500000.0,7391000.0,7579000.0,7288000.0,4615.70442766
2018-08-19T09:00:00,7393000.0,7431000.0,7498000.0,7310000.0,2928.96262117
2018-08-20T09:00:00,7432000.0,7255000.0,7469000.0,7244000.0,4187.21791451
2018-08-21T09:00:00,7255000.0,7375000.0,7430000.0,7240000.0,3037.60961801
2018-08-22T09:00:00,7375000.0,7289000.0,7751000.0,7187000.0,7591.8134609
2018-08-23T09:00:00,7286000.0,7439000.0,7500000.0,7285000.0,3662.1835859
2018-08-24T09:00:00,7440000.0,7561000.0,7593000.0,7368000.0,3754.38179566
2018-08-25T09:00:00,7564000.0,7604000.0,7683000.0,7521000.0,3491.70337305
2018-08-26T09:00:00,7604000.0,7547000.0,7637000.0,7450000.0,2824.38421929
2018-08-27T09:00:00,7547000.0,7688000.0,7725000.0,7490000.0,4134.98191712
2018-08-28T09:00:00,7688000.0,7839000.0,7886000.0,7654000.0,4988.81989282
2018-08-29T09:00:00,7838000.0,7825000.0,7938000.0,7723000.0,4912.14169962
2018-08-30T09:00:00,7825000.0,7856000.0,7910000.0,7672000.0,4799.95478085
2018-08-31T09:00:00,7844000.0,7865000.0,7915000.0,7749000.0,4687.30105795
2018-09-01T09:00:00,7865000.0,8001000.0,8009000.0,7844000.0,4338.01207477
2018-09-02T09:00:00,8000000.0,8113000.0,8169000.0,7932000.0,4460.52710093
2018-09-03T09:00:00,8114000.0,8125000.0,8160000.0,8043000.0,3198.85155079
2018-09-04T09:00:00,8116000.0,8271000.0,8279000.0,8111000.0,3811.85788263
2018-09-05T09:00:00,8271000.0,7699000.0,8333000.0,7687000.0,7761.44133104
2018-09-06T09:00:00,7698000.0,7523000.0,7718000.0,7264000.0,7776.42498652
2018-09-07T09:00:00,7522000.0,7382000.0,7543000.0,7292000.0,4198.8008613
2018-09-08T09:00:00,7391000.0,7206000.0,7439000.0,7110000.0,2881.52639575
2018-09-09T09:00:00,7206000.0,7232000.0,7437000.0,7131000.0,3330.24379869
2018-09-10T09:00:00,7232000.0,7274000.0,7348000.0,7198000.0,3089.33223454
2018-09-11T09:00:00,7275000.0,7239000.0,7350000.0,7126000.0,3392.11803014
2018-09-12T09:00:00,7242000.0,7234000.0,7289000.0,7155000.0,3994.11931681
2018-09-13T09:00:00,7238000.0,7355000.0,7399000.0,7233000.0,4029.70108465
2018-09-14T09:00:00,7355000.0,7359000.0,7504000.0,7261000.0,4397.95749188
2018-09-15T09:00:00,7361000.0,7363000.0,7397000.0,7320000.0,2206.71646834
2018-09-16T09:00:00,7365000.0,7356000.0,7386000.0,7250000.0,2939.07928986
2018-09-17T09:00:00,7356000.0,7191000.0,7373000.0,7128000.0,4535.64958686
2018-09-18T09:00:00,7192000.0,7234000.0,7283000.0,7134000.0,4053.11354921
2018-09-19T09:00:00,7234000.0,7245000.0,7388000.0,7010000.0,4306.69728981
2018-09-20T09:00:00,7250000.0,7311000.0,7364000.0,7190000.0,4570.14222037
2018-09-21T09:00:00,7311000.0,7537000.0,7596000.0,7287000.0,9545.78162275
2018-09-22T09:00:00,7537000.0,7540000.0,7636000.0,7425000.0,4866.23755949
2018-09-23T09:00:00,7539000.0,7500000.0,7600000.0,7450000.0,4216.92509274
2018-09-24T09:00:00,7500000.0,7430000.0,7547000.0,7407000.0,3046.33250681
2018-09-25T09:00:00,7428000.0,7299000.0,7439000.0,7241000.0,4725.14731707
2018-09-26T09:00:00,7299000.0,7300000.0,7392000.0,7259000.0,3921.98120692
2018-09-27T09:00:00,7300000.0,7447000.0,7490000.0,7261000.0,4027.10107711
2018-09-28T09:00:00,7447000.0,7408000.0,7551000.0,7339000.0,5408.47953602
2018-09-29T09:00:00,7408000.0,7360000.0,7410000.0,7280000.0,3246.00594677
2018-09-30T09:00:00,7360000.0,7393000.0,7418000.0,7327000.0,3162.07598214
2018-10-01T09:00:00,7394000.0,7375000.0,7449000.0,7280000.0,4331.49181371
2018-10-02T09:00:00,7374000.0,7369000.0,7414000.0,7337000.0,3525.16031441
2018-10-03T09:00:00,7369000.0,7386000.0,7393000.0,7299000.0,3057.96001967
2018-10-04T09:00:00,7385000.0,7481000.0,7499000.0,7362000.0,3366.9757100999996
2018-10-05T09:00:00,7481000.0,7503000.0,7545000.0,7410000.0,3891.95335424
2018-10-06T09:00:00,7502000.0,7485000.0,7509000.0,7438000.0,2194.14874573
2018-10-07T09:00:00,7484000.0,7482000.0,7513000.0,7424000.0,1904.00188064
2018-10-08T09:00:00,7483000.0,7542000.0,7589000.0,7461000.0,3391.80918903
2018-10-09T09:00:00,7541000.0,7527000.0,7550000.0,7484000.0,2147.42528494
2018-10-10T09:00:00,7527000.0,7472000.0,7530000.0,7380000.0,4412.34394843
2018-10-11T09:00:00,7472000.0,7187000.0,7480000.0,7150000.0,7579.91610222
2018-10-12T09:00:00,7195000.0,7183000.0,7300000.0,7155000.0,4836.81145319
2018-10-13T09:00:00,7180000.0,7189000.0,7211000.0,7159000.0,1850.50448252
2018-10-14T09:00:00,7190000.0,7198000.0,7263000.0,7182000.0,2310.3333016999995
2018-10-15T09:00:00,7200000.0,7413000.0,7905000.0,7165000.0,11984.6857021
2018-10-16T09:00:00,7416000.0,7352000.0,7465000.0,7312000.0,3356.42495081
2018-10-17T09:00:00,7352000.0,7327000.0,7380000.0,7280000.0,2999.20011723
2018-10-18T09:00:00,7327000.0,7343000.0,7390000.0,7311000.0,2703.41651159
2018-10-19T09:00:00,7343000.0,7291000.0,7364000.0,7281000.0,2800.77612068
2018-10-20T09:00:00,7291000.0,7302000.0,7317000.0,7265000.0,1970.0429938999998
2018-10-21T09:00:00,7302000.0,7311000.0,7350000.0,7297000.0,1836.45337649
2018-10-22T09:00:00,7310000.0,7297000.0,7322000.0,7271000.0,2953.97307214
2018-10-23T09:00:00,7297000.0,7270000.0,7318000.0,7251000.0,3011.57930571
2018-10-24T09:00:00,7270000.0,7296000.0,7323000.0,7261000.0,3597.70170567
2018-10-25T09:00:00,7296000.0,7272000.0,7300000.0,7229000.0,2934.43637646
2018-10-26T09:00:00,7272000.0,7276000.0,7309000.0,7241000.0,2404.52146255
2018-10-27T09:00:00,7276000.0,7284000.0,7291000.0,7250000.0,1632.07550396
2018-10-28T09:00:00,7284000.0,7258000.0,7290000.0,7241000.0,1367.83748212
2018-10-29T09:00:00,7259000.0,7097000.0,7264000.0,7057000.0,3760.90731634
2018-10-30T09:00:00,7097000.0,7140000.0,7162000.0,7094000.0,2329.37978247
2018-10-31T09:00:00,7139000.0,7162000.0,7200000.0,7062000.0,2918.68446747
2018-11-01T09:00:00,7162000.0,7186000.0,7200000.0,7141000.0,1920.59318498
2018-11-02T09:00:00,7186000.0,7179000.0,7221000.0,7161000.0,2653.27837824
2018-11-03T09:00:00,7179000.0,7150000.0,7185000.0,7100000.0,1584.16259136
2018-11-04T09:00:00,7145000.0,7213000.0,7270000.0,7125000.0,2763.64095353
2018-11-05T09:00:00,7214000.0,7198000.0,7246000.0,7187000.0,2781.27420558
2018-11-06T09:00:00,7198000.0,7231000.0,7256000.0,7186000.0,3516.59860154
2018-11-07T09:00:00,7237000.0,7310000.0,7348000.0,7219000.0,4075.20654325
2018-11-08T09:00:00,7312000.0,7282000.0,7342000.0,7245000.0,3316.39523463
2018-11-09T09:00:00,7282000.0,7243000.0,7307000.0,7203000.0,3141.94399954
2018-11-10T09:00:00,7243000.0,7237000.0,7275000.0,7228000.0,1636.97140048
2018-11-11T09:00:00,7237000.0,7253000.0,7260000.0,7180000.0,1818.84842381
2018-11-12T09:00:00,7253000.0,7249000.0,7284000.0,7234000.0,2501.92493132
2018-11-13T09:00:00,7249000.0,7248000.0,7270000.0,7203000.0,2949.09619474
2018-11-14T09:00:00,7248000.0,6782000.0,7270000.0,6514000.0,9333.25109232
2018-11-15T09:00:00,6782000.0,6529000.0,6811000.0,6253000.0,9344.82551128
2018-11-16T09:00:00,6529000.0,6425000.0,6580000.0,6350000.0,4920.30398166
2018-11-17T09:00:00,6426000.0,6385000.0,6452000.0,6344000.0,2858.37777974
2018-11-18T09:00:00,6383000.0,6431000.0,6494000.0,6363000.0,2331.37096303
2018-11-19T09:00:00,6431000.0,5618000.0,6436000.0,5563000.0,10146.07679702
2018-11-20T09:00:00,5618000.0,5177000.0,5762000.0,4935000.0,17978.21071906
2018-11-21T09:00:00,5177000.0,5274000.0,5414000.0,5016000.0,8532.49327465
2018-11-22T09:00:00,5274000.0,4965000.0,5361000.0,4950000.0,5004.26901548
2018-11-23T09:00:00,4965000.0,5013000.0,5071000.0,4782000.0,9163.96074326
2018-11-24T09:00:00,5013000.0,4492000.0,5112000.0,4411000.0,8851.92005334
2018-11-25T09:00:00,4492000.0,4616000.0,4766000.0,4126000.0,14846.61807208
2018-11-26T09:00:00,4616000.0,4371000.0,4747000.0,4177000.0,14659.13232924
2018-11-27T09:00:00,4365000.0,4380000.0,4458000.0,4162000.0,10023.86956673
2018-11-28T09:00:00,4380000.0,4800000.0,4932000.0,4369000.0,15135.99871579
2018-11-29T09:00:00,4795000.0,4840000.0,5030000.0,4661000.0,13588.75645203
2018-11-30T09:00:00,4841000.0,4565000.0,4888000.0,4440000.0,11389.14325328
2018-12-01T09:00:00,4565000.0,4721000.0,4834000.0,4476000.0,6990.42801181
2018-12-02T09:00:00,4720000.0,4685000.0,4852000.0,4614000.0,6984.37158641
2018-12-03T09:00:00,4699000.0,4387000.0,4728000.0,4330000.0,8886.50699993
2018-12-04T09:00:00,4393000.0,4457000.0,4592000.0,4280000.0,9755.04505869
2018-12-05T09:00:00,4456000.0,4262000.0,4472000.0,4232000.0,8325.80342723
2018-12-06T09:00:00,4262000.0,3965000.0,4391000.0,3950000.0,14125.61843122
2018-12-07T09:00:00,3962000.0,3868000.0,4005000.0,3666000.0,15549.85391268
2018-12-08T09:00:00,3868000.0,3875000.0,3953000.0,3714000.0,7681.09933383
2018-12-09T09:00:00,3877000.0,4013000.0,4120000.0,3832000.0,6483.95165173
2018-12-10T09:00:00,4013000.0,3895000.0,4075000.0,3838000.0,6046.32716932
2018-12-11T09:00:00,3893000.0,3822000.0,3924000.0,3764000.0,6669.04649885
2018-12-12T09:00:00,3822000.0,3888000.0,3929000.0,3792000.0,5659.62569846
2018-12-13T09:00:00,3889000.0,3721000.0,3900000.0,3693000.0,5314.52909104
2018-12-14T09:00:00,3721000.0,3642000.0,3777000.0,3595000.0,5889.21194184
2018-12-15T09:00:00,3641000.0,3619000.0,3685000.0,3562000.0,4034.72846031
2018-12-16T09:00:00,3620000.0,3637000.0,3700000.0,3612000.0,3542.84499551
2018-12-17T09:00:00,3636000.0,3923000.0,3973000.0,3625000.0,9103.62714974
2018-12-18T09:00:00,3921000.0,4088000.0,4110000.0,3848000.0,7666.87337544
2018-12-19T09:00:00,4092000.0,4124000.0,4400000.0,4054000.0,12333.94328952
2018-12-20T09:00:00,4127000.0,4552000.0,4637000.0,4090000.0,16481.71245495
2018-12-21T09:00:00,4552000.0,4333000.0,4733000.0,4243000.0,16822.18191833
2018-12-22T09:00:00,4333000.0,4464000.0,4494000.0,4272000.0,7007.24216643
2018-12-23T09:00:00,4465000.0,4439000.0,4549000.0,4369000.0,7458.50412788
2018-12-24T09:00:00,4436000.0,4539000.0,4700000.0,4425000.0,11018.72955822
2018-12-25T09:00:00,4537000.0,4243000.0,4553000.0,4138000.0,8603.02466497
2018-12-26T09:00:00,4243000.0,4293000.0,4349000.0,4157000.0,7965.54551542
2018-12-27T09:00:00,4292000.0,4124000.0,4334000.0,4062000.0,6387.12492085
2018-12-28T09:00:00,4127000.0,4338000.0,4380000.0,4043000.0,9044.90073346
2018-12-29T09:00:00,4338000.0,4200000.0,4388000.0,4166000.0,5249.20699964
2018-12-30T09:00:00,4190000.0,4291000.0,4335000.0,4153000.0,4820.06273912
2018-12-31T09:00:00,4294000.0,4200000.0,4322000.0,4129000.0,4319.65438521
2019-01-01T09:00:00,4200000.0,4288000.0,4297000.0,4130000.0,3806.56039475
2019-01-02T09:00:00,4288000.0,4347000.0,4366000.0,4241000.0,5413.33304643
2019-01-03T09:00:00,4348000.0,4284000.0,4360000.0,4251000.0,4683.66209758
2019-01-04T09:00:00,4285000.0,4303000.0,4328000.0,4231000.0,5455.72943421
2019-01-05T09:00:00,4304000.0,4294000.0,4345000.0,4270000.0,3332.94892431
2019-01-06T09:00:00,4294000.0,4520000.0,4551000.0,4270000.0,4835.56400675
2019-01-07T09:00:00,4519000.0,4499000.0,4550000.0,4450000.0,4307.10019813
2019-01-08T09:00:00,4498000.0,4480000.0,4577000.0,4420000.0,5089.28053387
2019-01-09T09:00:00,4481000.0,4458000.0,4510000.0,4431000.0,4477.80053429
2019-01-10T09:00:00,4460000.0,4087000.0,4487000.0,4060000.0,10233.89728557
2019-01-11T09:00:00,4086000.0,4101000.0,4149000.0,4029000.0,5325.27940583
2019-01-12T09:00:00,4101000.0,4098000.0,4140000.0,4043000.0,3247.57216084
2019-01-13T09:00:00,4098000.0,3963000.0,4102000.0,3940000.0,3318.31923108
2019-01-14T09:00:00,3966000.0,4098000.0,4141000.0,3951000.0,4950.8678849
2019-01-15T09:00:00,4098000.0,4034000.0,4116000.0,4002000.0,4819.99157761
2019-01-16T09:00:00,4034000.0,4052000.0,4100000.0,4014000.0,5635.84626852
2019-01-17T09:00:00,4052000.0,4075000.0,4088000.0,4002000.0,5735.32175195
2019-01-18T09:00:00,4075000.0,4046000.0,4080000.0,4022000.0,4470.59388512
2019-01-19T09:00:00,4048000.0,4115000.0,4188000.0,4040000.0,4320.72451794
2019-01-20T09:00:00,4115000.0,3984000.0,4135000.0,3913000.0,4635.17392144
2019-01-21T09:00:00,3985000.0,3973000.0,4001000.0,3937000.0,4739.10320572
2019-01-22T09:00:00,3973000.0,4013000.0,4045000.0,3886000.0,6366.1518058
2019-01-23T09:00:00,4013000.0,3996000.0,4029000.0,3973000.0,4397.65303735
2019-01-24T09:00:00,3997000.0,3983000.0,4000000.0,3941000.0,4413.84065077
2019-01-25T09:00:00,3982000.0,3957000.0,3994000.0,3911000.0,4594.53577314
2019-01-26T09:00:00,3957000.0,3963000.0,4039000.0,3934000.0,3770.71441776
2019-01-27T09:00:00,3963000.0,3951000.0,3975000.0,3900000.0,2879.05223312
2019-01-28T09:00:00,3950000.0,3828000.0,3952000.0,3775000.0,5807.39699502
2019-01-29T09:00:00,3828000.0,3795000.0,3841000.0,3730000.0,4037.5905586999997
2019-01-30T09:00:00,3796000.0,3810000.0,3855000.0,3769000.0,7619.50824424
2019-01-31T09:00:00,3810000.0,3775000.0,3845000.0,3752000.0,5907.05089757
2019-02-01T09:00:00,3775000.0,3816000.0,3825000.0,3735000.0,3535.66565154
2019-02-02T09:00:00,3816000.0,3855000.0,3870000.0,3796000.0,2189.96461132
2019-02-03T09:00:00,3853000.0,3821000.0,3861000.0,3794000.0,2089.51667463
2019-02-04T09:00:00,3821000.0,3822000.0,3849000.0,3792000.0,2847.99607841
2019-02-05T09:00:00,3822000.0,3835000.0,3845000.0,3814000.0,3536.64920363
2019-02-06T09:00:00,3835000.0,3791000.0,3844000.0,3756000.0,4564.88792233
2019-02-07T09:00:00,3791000.0,3783000.0,3800000.0,3776000.0,4630.81677589
2019-02-08T09:00:00,3783000.0,4009000.0,4075000.0,3768000.0,8694.60592483
2019-02-09T09:00:00,4007000.0,3998000.0,4038000.0,3968000.0,4099.33222543
2019-02-10T09:00:00,3997000.0,4023000.0,4030000.0,3937000.0,4852.85159907
2019-02-11T09:00:00,4023000.0,3986000.0,4035000.0,3962000.0,3690.35442515
2019-02-12T09:00:00,3986000.0,3981000.0,4020000.0,3957000.0,3922.74039034
2019-02-13T09:00:00,3980000.0,3983000.0,4017000.0,3962000.0,3675.48976826
2019-02-14T09:00:00,3983000.0,3984000.0,3992000.0,3967000.0,2817.99053119
2019-02-15T09:00:00,3983000.0,3986000.0,4039000.0,3979000.0,4199.89299262
2019-02-16T09:00:00,3983000.0,4002000.0,4030000.0,3982000.0,4941.13288261
2019-02-17T09:00:00,4002000.0,4040000.0,4094000.0,3986000.0,6462.47621724
2019-02-18T09:00:00,4040000.0,4236000.0,4260000.0,4027000.0,9883.41843537
2019-02-19T09:00:00,4236000.0,4259000.0,4338000.0,4150000.0,9217.25757906
2019-02-20T09:00:00,4259000.0,4315000.0,4333000.0,4219000.0,5067.51108128
2019-02-21T09:00:00,4315000.0,4328000.0,4398000.0,4291000.0,7641.80816629
2019-02-22T09:00:00,4327000.0,4346000.0,4369000.0,4319000.0,4028.81050111
2019-02-23T09:00:00,4344000.0,4479000.0,4494000.0,4319000.0,4954.50746453
2019-02-24T09:00:00,4479000.0,4178000.0,4554000.0,4165000.0,10822.98110481
2019-02-25T09:00:00,4178000.0,4255000.0,4265000.0,4177000.0,7140.02952849
2019-02-26T09:00:00,4255000.0,4228000.0,4266000.0,4206000.0,6237.94973547
2019-02-27T09:00:00,4229000.0,4259000.0,4271000.0,4145000.0,6561.25383115
2019-02-28T09:00:00,4259000.0,4240000.0,4321000.0,4201000.0,7139.12200606
2019-03-01T09:00:00,4240000.0,4248000.0,4265000.0,4230000.0,3231.98857514
2019-03-02T09:00:00,4248000.0,4253000.0,4267000.0,4205000.0,2997.96422112
2019-03-03T09:00:00,4253000.0,4239000.0,4262000.0,4215000.0,2857.93732777
2019-03-04T09:00:00,4239000.0,4155000.0,4257000.0,4120000.0,6152.05869422
2019-03-05T09:00:00,4155000.0,4249000.0,4264000.0,4132000.0,7840.087558499998
2019-03-06T09:00:00,4248000.0,4260000.0,4297000.0,4210000.0,5280.01187718
2019-03-07T09:00:00,4260000.0,4289000.0,4308000.0,4258000.0,5130.4641732
2019-03-08T09:00:00,4289000.0,4310000.0,4358000.0,4234000.0,10012.80844409
2019-03-09T09:00:00,4310000.0,4352000.0,4396000.0,4287000.0,9813.71927923
2019-03-10T09:00:00,4350000.0,4336000.0,4353000.0,4306000.0,7251.47664633
2019-03-11T09:00:00,4336000.0,4337000.0,4374000.0,4292000.0,10955.38444468
2019-03-12T09:00:00,4336000.0,4326000.0,4362000.0,4269000.0,10293.99529849
2019-03-13T09:00:00,4326000.0,4325000.0,4369000.0,4294000.0,8246.29814077
2019-03-14T09:00:00,4325000.0,4337000.0,4388000.0,4285000.0,9702.14149201
2019-03-15T09:00:00,4337000.0,4359000.0,4382000.0,4325000.0,7102.63937061
2019-03-16T09:00:00,4360000.0,4445000.0,4492000.0,4354000.0,5146.01355993
2019-03-17T09:00:00,4445000.0,4425000.0,4448000.0,4384000.0,4051.52761754
2019-03-18T09:00:00,4425000.0,4458000.0,4484000.0,4415000.0,9501.14160892
2019-03-19T09:00:00,4457000.0,4486000.0,4496000.0,4442000.0,6628.55821296
2019-03-20T09:00:00,4486000.0,4533000.0,4535000.0,4457000.0,7162.39960891
2019-03-21T09:00:00,4533000.0,4491000.0,4563000.0,4411000.0,9074.41770787
2019-03-22T09:00:00,4491000.0,4490000.0,4514000.0,4471000.0,5767.56572806
2019-03-23T09:00:00,4489000.0,4507000.0,4535000.0,4481000.0,4010.8007386
2019-03-24T09:00:00,4505000.0,4525000.0,4539000.0,4492000.0,6141.26696193
2019-03-25T09:00:00,4526000.0,4487000.0,4548000.0,4425000.0,9560.22460821
2019-03-26T09:00:00,4487000.0,4493000.0,4494000.0,4420000.0,7150.76182259
2019-03-27T09:00:00,4493000.0,4548000.0,4553000.0,4477000.0,6801.09104325
2019-03-28T09:00:00,4548000.0,4550000.0,4592000.0,4525000.0,8955.6799217
2019-03-29T09:00:00,4550000.0,4641000.0,4676000.0,4548000.0,8584.39564075
2019-03-30T09:00:00,4642000.0,4636000.0,4680000.0,4533000.0,7117.93320635
2019-03-31T09:00:00,4636000.0,4661000.0,4670000.0,4618000.0,7660.19035262
2019-04-01T09:00:00,4661000.0,4711000.0,4760000.0,4621000.0,13066.44049624
2019-04-02T09:00:00,4711000.0,5411000.0,5525000.0,4706000.0,35779.36962198
2019-04-03T09:00:00,5411000.0,5594000.0,5864000.0,5367000.0,23006.90185268
2019-04-04T09:00:00,5601000.0,5571000.0,5718000.0,5452000.0,11968.33556833
2019-04-05T09:00:00,5567000.0,5685000.0,5722000.0,5559000.0,12728.86348074
2019-04-06T09:00:00,5685000.0,5793000.0,5975000.0,5641000.0,10079.33500166
2019-04-07T09:00:00,5793000.0,5910000.0,5950000.0,5757000.0,8606.56750049
2019-04-08T09:00:00,5910000.0,6091000.0,6104000.0,5841000.0,11262.5617768
2019-04-09T09:00:00,6091000.0,6000000.0,6092000.0,5939000.0,7547.51871099
2019-04-10T09:00:00,6001000.0,6166000.0,6250000.0,5999000.0,8318.97682643
2019-04-11T09:00:00,6166000.0,5860000.0,6196000.0,5800000.0,14323.59630125
2019-04-12T09:00:00,5860000.0,5897000.0,5927000.0,5650000.0,8432.76271085
2019-04-13T09:00:00,5896000.0,5889000.0,5932000.0,5822000.0,4226.05326009
2019-04-14T09:00:00,5889000.0,5958000.0,5998000.0,5828000.0,4218.82004407
2019-04-15T09:00:00,5958000.0,5860000.0,6025000.0,5840000.0,8101.81650803
2019-04-16T09:00:00,5860000.0,6024000.0,6034000.0,5772000.0,7498.73648699
2019-04-17T09:00:00,6024000.0,6004000.0,6080000.0,5971000.0,5946.73096896
2019-04-18T09:00:00,6004000.0,6070000.0,6094000.0,5998000.0,8489.43472618
2019-04-19T09:00:00,6070000.0,6087000.0,6147000.0,5991000.0,6350.20410717
2019-04-20T09:00:00,6086000.0,6141000.0,6156000.0,6079000.0,3994.04389513
2019-04-21T09:00:00,6138000.0,6145000.0,6177000.0,6047000.0,5971.98194427
2019-04-22T09:00:00,6145000.0,6237000.0,6276000.0,6092000.0,6659.99298085
2019-04-23T09:00:00,6237000.0,6450000.0,6549000.0,6219000.0,10869.22891599
2019-04-24T09:00:00,6449000.0,6415000.0,6566000.0,6288000.0,11844.50070092
2019-04-25T09:00:00,6415000.0,6120000.0,6448000.0,6082000.0,8244.90323779
2019-04-26T09:00:00,6120000.0,6137000.0,6347000.0,6010000.0,10592.33130941
2019-04-27T09:00:00,6139000.0,6114000.0,6164000.0,6080000.0,3095.99607482
2019-04-28T09:00:00,6115000.0,6138000.0,6188000.0,6089000.0,3983.08641683
2019-04-29T09:00:00,6138000.0,6029000.0,6159000.0,5963000.0,5702.959786
2019-04-30T09:00:00,6030000.0,6117000.0,6160000.0,6007000.0,5325.66521626
2019-05-01T09:00:00,6117000.0,6192000.0,6198000.0,6107000.0,3938.46440095
2019-05-02T09:00:00,6193000.0,6327000.0,6378000.0,6165000.0,5239.96342431
2019-05-03T09:00:00,6327000.0,6596000.0,6716000.0,6300000.0,11092.57495268
2019-05-04T09:00:00,6596000.0,6719000.0,6759000.0,6452000.0,6998.19026783
2019-05-05T09:00:00,6718000.0,6704000.0,6731000.0,6607000.0,3199.97736446
2019-05-06T09:00:00,6703000.0,6620000.0,6712000.0,6573000.0,3956.9602345
2019-05-07T09:00:00,6620000.0,6753000.0,6930000.0,6618000.0,7375.75047151
2019-05-08T09:00:00,6752000.0,6959000.0,6959000.0,6670000.0,5646.19320357
2019-05-09T09:00:00,6952000.0,7273000.0,7299000.0,6943000.0,9562.19350399
2019-05-10T09:00:00,7272000.0,7495000.0,7588000.0,7228000.0,10597.21131677
2019-05-11T09:00:00,7495000.0,8368000.0,8551000.0,7491000.0,24016.23318105
2019-05-12T09:00:00,8370000.0,8170000.0,8807000.0,7950000.0,21060.149816
2019-05-13T09:00:00,8166000.0,9230000.0,9518000.0,8064000.0,26618.70635664
2019-05-14T09:00:00,9235000.0,9499000.0,9907000.0,9100000.0,25056.33445661
2019-05-15T09:00:00,9499000.0,9606000.0,9757000.0,9220000.0,17857.0863588
2019-05-16T09:00:00,9606000.0,9465000.0,9842000.0,9247000.0,17057.02756153
2019-05-17T09:00:00,9465000.0,8891000.0,9557000.0,8360000.0,22071.33565071
2019-05-18T09:00:00,8891000.0,8823000.0,9232000.0,8684000.0,11615.27700105
2019-05-19T09:00:00,8819000.0,9712000.0,9809000.0,8810000.0,16388.29983101
2019-05-20T09:00:00,9712000.0,9581000.0,9713000.0,9200000.0,11458.02697678
2019-05-21T09:00:00,9581000.0,9509000.0,9646000.0,9402000.0,9783.22266274
2019-05-22T09:00:00,9509000.0,9309000.0,9611000.0,9220000.0,8874.09362343
2019-05-23T09:00:00,9304000.0,9491000.0,9593000.0,9003000.0,9626.42743604
2019-05-24T09:00:00,9491000.0,9580000.0,9700000.0,9346000.0,8929.98092211
2019-05-25T09:00:00,9583000.0,9594000.0,9658000.0,9510000.0,4423.41467288
2019-05-26T09:00:00,9594000.0,10299000.0,10470000.0,9386000.0,11097.02673955
2019-05-27T09:00:00,10297000.0,10376000.0,10610000.0,10240000.0,12067.23805525
2019-05-28T09:00:00,10372000.0,10333000.0,10436000.0,10200000.0,6739.85220975
2019-05-29T09:00:00,10332000.0,10325000.0,10500000.0,10060000.0,8371.07028924
2019-05-30T09:00:00,10325000.0,10120000.0,10815000.0,9911000.0,14079.82620793
2019-05-31T09:00:00,10113000.0,10383000.0,10394000.0,9881000.0,9590.30573478
2019-06-01T09:00:00,10383000.0,10350000.0,10400000.0,10228000.0,5514.70590256
2019-06-02T09:00:00,10350000.0,10505000.0,10599000.0,10340000.0,6868.79564903
2019-06-03T09:00:00,10505000.0,9999000.0,10509000.0,9990000.0,8905.52487849
2019-06-04T09:00:00,9999000.0,9486000.0,10017000.0,9230000.0,13615.31195031
2019-06-05T09:00:00,9487000.0,9583000.0,9826000.0,9326000.0,11685.99256793
2019-06-06T09:00:00,9583000.0,9495000.0,9644000.0,9172000.0,6689.69736357
2019-06-07T09:00:00,9495000.0,9749000.0,9830000.0,9388000.0,7875.53016935
2019-06-08T09:00:00,9751000.0,9733000.0,9825000.0,9601000.0,4779.91352376
2019-06-09T09:00:00,9745000.0,9474000.0,9784000.0,9381000.0,5372.7306867
2019-06-10T09:00:00,9477000.0,9731000.0,9789000.0,9284000.0,6749.56912781
2019-06-11T09:00:00,9732000.0,9587000.0,9789000.0,9470000.0,5510.10969543
2019-06-12T09:00:00,9587000.0,9803000.0,9869000.0,9505000.0,7049.16366521
2019-06-13T09:00:00,9803000.0,9935000.0,10028000.0,9705000.0,5739.21112792
2019-06-14T09:00:00,9935000.0,10462000.0,10514000.0,9859000.0,8254.26870027
2019-06-15T09:00:00,10462000.0,10528000.0,10600000.0,10311000.0,6509.17413273
2019-06-16T09:00:00,10523000.0,10710000.0,11150000.0,10451000.0,12029.90223717
2019-06-17T09:00:00,10710000.0,11055000.0,11187000.0,10694000.0,8591.80232045
2019-06-18T09:00:00,11055000.0,10902000.0,11100000.0,10750000.0,7165.30905941
2019-06-19T09:00:00,10901000.0,11063000.0,11100000.0,10845000.0,5153.06082226
2019-06-20T09:00:00,11064000.0,11349000.0,11421000.0,10931000.0,8734.01302562
2019-06-21T09:00:00,11350000.0,11994000.0,12000000.0,11338000.0,10040.27928899
2019-06-22T09:00:00,11994000.0,12398000.0,13043000.0,11818000.0,24086.22072139
2019-06-23T09:00:00,12398000.0,12681000.0,13036000.0,12200000.0,10604.85648318
2019-06-24T09:00:00,12681000.0,12891000.0,12980000.0,12456000.0,8410.98247577
2019-06-25T09:00:00,12896000.0,13941000.0,13999000.0,12850000.0,15996.640205000005
2019-06-26T09:00:00,13942000.0,15854000.0,16840000.0,13858000.0,49346.44063007
2019-06-27T09:00:00,15854000.0,14028000.0,16451000.0,13088000.0,53630.66520719
2019-06-28T09:00:00,14021000.0,15307000.0,15400000.0,13597000.0,34255.78282605
2019-06-29T09:00:00,15306000.0,14576000.0,15446000.0,14246000.0,20528.56039002
2019-06-30T09:00:00,14576000.0,13598000.0,14823000.0,13501000.0,15823.17086473
2019-07-01T09:00:00,13599000.0,13026000.0,13846000.0,12330000.0,25148.22954355
2019-07-02T09:00:00,13027000.0,13205000.0,13352000.0,11850000.0,33653.85372014
2019-07-03T09:00:00,13205000.0,14419000.0,14450000.0,13205000.0,29701.05312366
2019-07-04T09:00:00,14424000.0,13535000.0,14543000.0,13446000.0,17777.00140039
2019-07-05T09:00:00,13535000.0,13367000.0,13790000.0,13100000.0,15604.87414517
2019-07-06T09:00:00,13352000.0,13607000.0,13980000.0,13337000.0,11029.65693401
2019-07-07T09:00:00,13608000.0,13652000.0,13777000.0,13402000.0,6112.29934939
2019-07-08T09:00:00,13658000.0,14570000.0,14712000.0,13504000.0,13219.12416828
2019-07-09T09:00:00,14569000.0,14940000.0,15167000.0,14449000.0,18409.06927592
2019-07-10T09:00:00,14940000.0,14595000.0,15537000.0,14010000.0,29004.84701858
2019-07-11T09:00:00,14594000.0,13770000.0,14662000.0,13488000.0,25449.01584899
2019-07-12T09:00:00,13770000.0,14199000.0,14300000.0,13240000.0,17827.61270592
2019-07-13T09:00:00,14194000.0,13810000.0,14266000.0,13373000.0,10525.64945175
2019-07-14T09:00:00,13810000.0,12425000.0,13857000.0,12393000.0,18601.588079499998
2019-07-15T09:00:00,12425000.0,13166000.0,13440000.0,11858000.0,23622.08610276
2019-07-16T09:00:00,13162000.0,11448000.0,13388000.0,11325000.0,25524.42453999
2019-07-17T09:00:00,11448000.0,11648000.0,11993000.0,10880000.0,29435.3111246
2019-07-18T09:00:00,11642000.0,12659000.0,12800000.0,11082000.0,30361.56543744
2019-07-19T09:00:00,12656000.0,12549000.0,12805000.0,12210000.0,16966.26425103
2019-07-20T09:00:00,12549000.0,12780000.0,13090000.0,12410000.0,12766.06610129
2019-07-21T09:00:00,12780000.0,12565000.0,12843000.0,12300000.0,7503.34531353
2019-07-22T09:00:00,12565000.0,12310000.0,12683000.0,12101000.0,7619.39808956
2019-07-23T09:00:00,12311000.0,11797000.0,12337000.0,11770000.0,9196.95112987
2019-07-24T09:00:00,11797000.0,11611000.0,11811000.0,11327000.0,8792.82200225
2019-07-25T09:00:00,11611000.0,11743000.0,12103000.0,11556000.0,7073.00169757
2019-07-26T09:00:00,11738000.0,11680000.0,11738000.0,11456000.0,5539.77501847
2019-07-27T09:00:00,11680000.0,11310000.0,12011000.0,11121000.0,8266.20538641
2019-07-28T09:00:00,11306000.0,11310000.0,11417000.0,11000000.0,4658.22707119
2019-07-29T09:00:00,11312000.0,11280000.0,11547000.0,11151000.0,4965.89960032
2019-07-30T09:00:00,11280000.0,11323000.0,11500000.0,11146000.0,4773.20645331
2019-07-31T09:00:00,11323000.0,11957000.0,11960000.0,11300000.0,8042.51654364
2019-08-01T09:00:00,11956000.0,12317000.0,12412000.0,11682000.0,7300.30830386
2019-08-02T09:00:00,12317000.0,12563000.0,12768000.0,12213000.0,9548.01565542
2019-08-03T09:00:00,12563000.0,12773000.0,12883000.0,12523000.0,7491.78097596
2019-08-04T09:00:00,12772000.0,12958000.0,13036000.0,12475000.0,8484.58320479
2019-08-05T09:00:00,12958000.0,14181000.0,14213000.0,12948000.0,18719.86010936
2019-08-06T09:00:00,14181000.0,13782000.0,14570000.0,13455000.0,22453.01941633
2019-08-07T09:00:00,13782000.0,14219000.0,14408000.0,13570000.0,16557.39288205
2019-08-08T09:00:00,14197000.0,14241000.0,14310000.0,13841000.0,9231.75268362
2019-08-09T09:00:00,14250000.0,14248000.0,14315000.0,13980000.0,7624.83526974
2019-08-10T09:00:00,14246000.0,13699000.0,14331000.0,13582000.0,8664.21798351
2019-08-11T09:00:00,13698000.0,13876000.0,13918000.0,13434000.0,5737.5360073
2019-08-12T09:00:00,13876000.0,13696000.0,13893000.0,13535000.0,3581.48838483
2019-08-13T09:00:00,13696000.0,13147000.0,13745000.0,13012000.0,7466.96099317
2019-08-14T09:00:00,13147000.0,12202000.0,13152000.0,12109000.0,13208.81054594
2019-08-15T09:00:00,12200000.0,12619000.0,12770000.0,11535000.0,20920.03379127
2019-08-16T09:00:00,12620000.0,12575000.0,12847000.0,11930000.0,17519.15336984
2019-08-17T09:00:00,12575000.0,12424000.0,12722000.0,12201000.0,6445.93547673
2019-08-18T09:00:00,12422000.0,12509000.0,12729000.0,12230000.0,6357.87368969
2019-08-19T09:00:00,12512000.0,13165000.0,13191000.0,12413000.0,10273.77158288
2019-08-20T09:00:00,13166000.0,12952000.0,13211000.0,12746000.0,8459.48670027
2019-08-21T09:00:00,12959000.0,12293000.0,13014000.0,12011000.0,11402.28623537
2019-08-22T09:00:00,12293000.0,12210000.0,12383000.0,11870000.0,9088.12379505
2019-08-23T09:00:00,12210000.0,12443000.0,12523000.0,12138000.0,6873.32738549
2019-08-24T09:00:00,12454000.0,12201000.0,12470000.0,11985000.0,4726.72264489
2019-08-25T09:00:00,12201000.0,12218000.0,12410000.0,12000000.0,4711.94391647
2019-08-26T09:00:00,12218000.0,12421000.0,12680000.0,12209000.0,7128.12167165
2019-08-27T09:00:00,12415000.0,12208000.0,12444000.0,12088000.0,3899.29018809
2019-08-28T09:00:00,12208000.0,11787000.0,12319000.0,11684000.0,6489.41656104
2019-08-29T09:00:00,11787000.0,11525000.0,11788000.0,11380000.0,6298.06439684
2019-08-30T09:00:00,11525000.0,11632000.0,11768000.0,11384000.0,4350.76365002
2019-08-31T09:00:00,11643000.0,11612000.0,11718000.0,11500000.0,2750.65389976
2019-09-01T09:00:00,11612000.0,11768000.0,11860000.0,11544000.0,2564.52409767
2019-09-02T09:00:00,11768000.0,12435000.0,12545000.0,11726000.0,6302.83112041
2019-09-03T09:00:00,12435000.0,12703000.0,12959000.0,12310000.0,9806.45336225
2019-09-04T09:00:00,12722000.0,12641000.0,12900000.0,12438000.0,6669.27583971
2019-09-05T09:00:00,12636000.0,12644000.0,12752000.0,12533000.0,3920.57195261
2019-09-06T09:00:00,12644000.0,12341000.0,13014000.0,12306000.0,8927.34060442
2019-09-07T09:00:00,12340000.0,12473000.0,12588000.0,12335000.0,3300.44318828
2019-09-08T09:00:00,12475000.0,12370000.0,12579000.0,12271000.0,2998.75719124
2019-09-09T09:00:00,12370000.0,12278000.0,12480000.0,12010000.0,5421.69210394
2019-09-10T09:00:00,12270000.0,12078000.0,12330000.0,11962000.0,3132.17632188
2019-09-11T09:00:00,12073000.0,12162000.0,12255000.0,11858000.0,3747.82512087
2019-09-12T09:00:00,12163000.0,12427000.0,12466000.0,12038000.0,3436.84212336
2019-09-13T09:00:00,12418000.0,12306000.0,12444000.0,12137000.0,2443.51292131
2019-09-14T09:00:00,12306000.0,12253000.0,12330000.0,12147000.0,2424.39093154
2019-09-15T09:00:00,12258000.0,12169000.0,12290000.0,12150000.0,2032.31464177
2019-09-16T09:00:00,12176000.0,12133000.0,12251000.0,11953000.0,3908.91952001
2019-09-17T09:00:00,12133000.0,12061000.0,12136000.0,12001000.0,4203.17884704
2019-09-18T09:00:00,12060000.0,12050000.0,12154000.0,12010000.0,3927.0798215000004
2019-09-19T09:00:00,12049000.0,12180000.0,12250000.0,11556000.0,6904.4916870000025
2019-09-20T09:00:00,12175000.0,12074000.0,12222000.0,12002000.0,3081.28623456
2019-09-21T09:00:00,12074000.0,11891000.0,12080000.0,11808000.0,2493.56516351
2019-09-22T09:00:00,11891000.0,11936000.0,11980000.0,11733000.0,3173.26096381
2019-09-23T09:00:00,11943000.0,11545000.0,11960000.0,11490000.0,4597.23259343
2019-09-24T09:00:00,11545000.0,10194000.0,11668000.0,9800000.0,12189.27183059
2019-09-25T09:00:00,10221000.0,10143000.0,10587000.0,9811000.0,9974.20045584
2019-09-26T09:00:00,10146000.0,9700000.0,10200000.0,9375000.0,10322.36470948
2019-09-27T09:00:00,9700000.0,9833000.0,9914000.0,9431000.0,5463.77470047
2019-09-28T09:00:00,9833000.0,9874000.0,9972000.0,9633000.0,3868.14817646
2019-09-29T09:00:00,9875000.0,9670000.0,9907000.0,9543000.0,2898.38841753
2019-09-30T09:00:00,9672000.0,9945000.0,9984000.0,9268000.0,8157.17697332
2019-10-01T09:00:00,9945000.0,9987000.0,10234000.0,9797000.0,6643.78675421
2019-10-02T09:00:00,9987000.0,10077000.0,10092000.0,9812000.0,3695.09916577
2019-10-03T09:00:00,10089000.0,9937000.0,10130000.0,9786000.0,3518.31758295
2019-10-04T09:00:00,9932000.0,9755000.0,9942000.0,9663000.0,3338.16773592
2019-10-05T09:00:00,9755000.0,9720000.0,9791000.0,9570000.0,2297.85517253
2019-10-06T09:00:00,9720000.0,9443000.0,9754000.0,9370000.0,3160.75687312
2019-10-07T09:00:00,9441000.0,9749000.0,9893000.0,9295000.0,6586.42261914
2019-10-08T09:00:00,9748000.0,9728000.0,9928000.0,9661000.0,3877.77878012
2019-10-09T09:00:00,9729000.0,10182000.0,10300000.0,9670000.0,5787.8182771
2019-10-10T09:00:00,10182000.0,10167000.0,10305000.0,10020000.0,4579.45123586
2019-10-11T09:00:00,10167000.0,9814000.0,10443000.0,9803000.0,6349.28685378
2019-10-12T09:00:00,9813000.0,9867000.0,9978000.0,9805000.0,1870.88197695
2019-10-13T09:00:00,9879000.0,9807000.0,9997000.0,9723000.0,2289.99944652
2019-10-14T09:00:00,9804000.0,9871000.0,9907000.0,9735000.0,2561.96675963
2019-10-15T09:00:00,9870000.0,9719000.0,9944000.0,9675000.0,2837.93058097
2019-10-16T09:00:00,9715000.0,9525000.0,9733000.0,9441000.0,3148.02448435
2019-10-17T09:00:00,9525000.0,9563000.0,9649000.0,9460000.0,2313.84172892
2019-10-18T09:00:00,9563000.0,9434000.0,9626000.0,9350000.0,2708.5521542
2019-10-19T09:00:00,9428000.0,9437000.0,9560000.0,9360000.0,1841.45389053
2019-10-20T09:00:00,9446000.0,9710000.0,9814000.0,9373000.0,2624.45985664
2019-10-21T09:00:00,9698000.0,9663000.0,9801000.0,9610000.0,2955.21784118
2019-10-22T09:00:00,9663000.0,9470000.0,9774000.0,9451000.0,2690.5030671
2019-10-23T09:00:00,9469000.0,8826000.0,9525000.0,8689000.0,7029.06223189
2019-10-24T09:00:00,8826000.0,8743000.0,8872000.0,8630000.0,3195.99332726
2019-10-25T09:00:00,8743000.0,10063000.0,10128000.0,8706000.0,9376.12602054
2019-10-26T09:00:00,10063000.0,10730000.0,11899000.0,10015000.0,24630.11773568
2019-10-27T09:00:00,10727000.0,10975000.0,11275000.0,10551000.0,13557.94011661
2019-10-28T09:00:00,10975000.0,10736000.0,11377000.0,10719000.0,7680.15692763
2019-10-29T09:00:00,10731000.0,10894000.0,11056000.0,10630000.0,5143.49786317
2019-10-30T09:00:00,10903000.0,10682000.0,10915000.0,10501000.0,4599.59655203
2019-10-31T09:00:00,10682000.0,10692000.0,10990000.0,10488000.0,5113.48198377
2019-11-01T09:00:00,10698000.0,10805000.0,10857000.0,10604000.0,3200.02664451
2019-11-02T09:00:00,10805000.0,10851000.0,10970000.0,10754000.0,2544.98218191
2019-11-03T09:00:00,10851000.0,10765000.0,10943000.0,10660000.0,2156.98902181
2019-11-04T09:00:00,10765000.0,10846000.0,10996000.0,10645000.0,3242.36581783
2019-11-05T09:00:00,10846000.0,10752000.0,10918000.0,10674000.0,3398.668628
2019-11-06T09:00:00,10752000.0,10751000.0,10842000.0,10711000.0,2355.01125361
2019-11-07T09:00:00,10752000.0,10668000.0,10795000.0,10546000.0,2897.74288014
2019-11-08T09:00:00,10668000.0,10212000.0,10724000.0,10103000.0,4766.43183569
2019-11-09T09:00:00,10213000.0,10248000.0,10319000.0,10172000.0,1786.85694212
2019-11-10T09:00:00,10248000.0,10496000.0,10589000.0,10160000.0,2837.97081756
2019-11-11T09:00:00,10496000.0,10168000.0,10511000.0,10069000.0,3782.32118472
2019-11-12T09:00:00,10168000.0,10257000.0,10320000.0,10000000.0,3027.28853194
2019-11-13T09:00:00,10259000.0,10211000.0,10287000.0,10143000.0,1876.98070932
2019-11-14T09:00:00,10212000.0,10075000.0,10232000.0,10039000.0,2156.61569204
2019-11-15T09:00:00,10075000.0,9914000.0,10212000.0,9860000.0,4147.27478969
2019-11-16T09:00:00,9909000.0,9926000.0,9992000.0,9880000.0,1761.1646507
2019-11-17T09:00:00,9934000.0,9924000.0,10056000.0,9820000.0,1815.96429459
2019-11-18T09:00:00,9924000.0,9580000.0,9934000.0,9531000.0,3352.42119732
2019-11-19T09:00:00,9580000.0,9503000.0,9615000.0,9361000.0,3631.7999520000003
2019-11-20T09:00:00,9509000.0,9486000.0,9553000.0,9410000.0,2431.5636425000002
2019-11-21T09:00:00,9486000.0,9024000.0,9525000.0,8901000.0,6010.80668969
2019-11-22T09:00:00,9024000.0,8651000.0,9123000.0,8202000.0,10814.24485621
2019-11-23T09:00:00,8661000.0,8670000.0,8712000.0,8405000.0,3952.26249858
2019-11-24T09:00:00,8675000.0,8218000.0,8693000.0,8164000.0,4506.87052334
2019-11-25T09:00:00,8217000.0,8338000.0,8633000.0,7683000.0,13648.46006191
2019-11-26T09:00:00,8338000.0,8410000.0,8627000.0,8240000.0,5867.68876664
2019-11-27T09:00:00,8413000.0,8702000.0,8900000.0,8041000.0,9265.75223133
2019-11-28T09:00:00,8700000.0,8674000.0,8903000.0,8615000.0,4045.7239098000014
2019-11-29T09:00:00,8672000.0,9037000.0,9200000.0,8658000.0,4210.80049996
2019-11-30T09:00:00,9035000.0,8838000.0,9106000.0,8726000.0,2495.78793255
2019-12-01T09:00:00,8838000.0,8630000.0,8840000.0,8480000.0,3023.698278000001
2019-12-02T09:00:00,8630000.0,8585000.0,8705000.0,8415000.0,1837.43925831
2019-12-03T09:00:00,8590000.0,8607000.0,8700000.0,8520000.0,1641.81595301
2019-12-04T09:00:00,8607000.0,8515000.0,8996000.0,8432000.0,5171.38101548
2019-12-05T09:00:00,8515000.0,8685000.0,8810000.0,8480000.0,3969.79229665
2019-12-06T09:00:00,8685000.0,8813000.0,8852000.0,8614000.0,3039.17313756
2019-12-07T09:00:00,8815000.0,8784000.0,8897000.0,8776000.0,1910.69581081
2019-12-08T09:00:00,8784000.0,8807000.0,8857000.0,8670000.0,2000.92140277
2019-12-09T09:00:00,8807000.0,8679000.0,8891000.0,8640000.0,3125.56191138
2019-12-10T09:00:00,8679000.0,8537000.0,8749000.0,8480000.0,2949.17212834
2019-12-11T09:00:00,8539000.0,8490000.0,8592000.0,8419000.0,1897.01475656
2019-12-12T09:00:00,8490000.0,8437000.0,8566000.0,8360000.0,2457.07047864
2019-12-13T09:00:00,8438000.0,8490000.0,8577000.0,8430000.0,2163.02130941
2019-12-14T09:00:00,8490000.0,8277000.0,8520000.0,8200000.0,2408.92097104
2019-12-15T09:00:00,8277000.0,8319000.0,8440000.0,8190000.0,1911.20234202
2019-12-16T09:00:00,8319000.0,8050000.0,8347000.0,8017000.0,2333.04536211
2019-12-17T09:00:00,8058000.0,7742000.0,8108000.0,7700000.0,4587.86377499
2019-12-18T09:00:00,7741000.0,8466000.0,8668000.0,7546000.0,7394.86247818
2019-12-19T09:00:00,8466000.0,8328000.0,8590000.0,8210000.0,4444.33915592
2019-12-20T09:00:00,8329000.0,8338000.0,8395000.0,8241000.0,2315.68010263
2019-12-21T09:00:00,8342000.0,8295000.0,8342000.0,8260000.0,952.39697702
2019-12-22T09:00:00,8295000.0,8689000.0,8696000.0,8277000.0,2717.8458866
2019-12-23T09:00:00,8688000.0,8520000.0,8890000.0,8456000.0,5451.7473576
2019-12-24T09:00:00,8520000.0,8470000.0,8630000.0,8354000.0,3635.40093186
2019-12-25T09:00:00,8460000.0,8370000.0,8471000.0,8317000.0,1857.22709208
2019-12-26T09:00:00,8370000.0,8371000.0,8595000.0,8317000.0,2740.2112794
2019-12-27T09:00:00,8367000.0,8385000.0,8424000.0,8195000.0,2402.06470551
2019-12-28T09:00:00,8385000.0,8432000.0,8479000.0,8376000.0,1725.5127045000006
2019-12-29T09:00:00,8428000.0,8486000.0,8639000.0,8388000.0,2486.01610538
2019-12-30T09:00:00,8486000.0,8341000.0,8496000.0,8331000.0,2355.80361501
2019-12-31T09:00:00,8343000.0,8312000.0,8439000.0,8260000.0,1846.5409190999999
2020-01-01T09:00:00,8308000.0,8300000.0,8387000.0,8287000.0,1030.45814676
2020-01-02T09:00:00,8300000.0,8037000.0,8310000.0,8026000.0,2054.03956598
2020-01-03T09:00:00,8038000.0,8474000.0,8525000.0,7910000.0,5887.00880804
2020-01-04T09:00:00,8476000.0,8482000.0,8520000.0,8382000.0,1987.26688134
2020-01-05T09:00:00,8483000.0,8454000.0,8645000.0,8436000.0,2807.832172
2020-01-06T09:00:00,8451000.0,8866000.0,8890000.0,8446000.0,5340.14041587
2020-01-07T09:00:00,8866000.0,9398000.0,9444000.0,8865000.0,8896.19194694
2020-01-08T09:00:00,9386000.0,9085000.0,9736000.0,9030000.0,13024.51495279
2020-01-09T09:00:00,9084000.0,8941000.0,9142000.0,8900000.0,5174.23891081
2020-01-10T09:00:00,8940000.0,9233000.0,9250000.0,8750000.0,6980.82897357
2020-01-11T09:00:00,9218000.0,9060000.0,9350000.0,9047000.0,4233.99262116
2020-01-12T09:00:00,9066000.0,9213000.0,9250000.0,9014000.0,2412.74898932
2020-01-13T09:00:00,9218000.0,9172000.0,9227000.0,9101000.0,1991.09310408
2020-01-14T09:00:00,9179000.0,9716000.0,9859000.0,9162000.0,11554.39037004
2020-01-15T09:00:00,9716000.0,9735000.0,9917000.0,9498000.0,8125.75207139
2020-01-16T09:00:00,9735000.0,9785000.0,9855000.0,9561000.0,4081.48265366
2020-01-17T09:00:00,9789000.0,9992000.0,10216000.0,9719000.0,8319.12836052
2020-01-18T09:00:00,9997000.0,10085000.0,10167000.0,9900000.0,3865.42130063
2020-01-19T09:00:00,10085000.0,9887000.0,10484000.0,9734000.0,8567.01218693
2020-01-20T09:00:00,9886000.0,9851000.0,9951000.0,9775000.0,3320.61609519
2020-01-21T09:00:00,9856000.0,9958000.0,10014000.0,9800000.0,2842.75512757
2020-01-22T09:00:00,9960000.0,9922000.0,10091000.0,9845000.0,2972.58459218
2020-01-23T09:00:00,9922000.0,9750000.0,9930000.0,9623000.0,3630.5273721
2020-01-24T09:00:00,9750000.0,9813000.0,9885000.0,9631000.0,2941.43472294
2020-01-25T09:00:00,9816000.0,9745000.0,9816000.0,9669000.0,1443.81660204
2020-01-26T09:00:00,9745000.0,9966000.0,9986000.0,9700000.0,2221.71968044
2020-01-27T09:00:00,9966000.0,10132000.0,10277000.0,9948000.0,4801.26130294
2020-01-28T09:00:00,10128000.0,10570000.0,10601000.0,10127000.0,6620.77416871
2020-01-29T09:00:00,10570000.0,10670000.0,10780000.0,10500000.0,5305.29886421
2020-01-30T09:00:00,10670000.0,10779000.0,10882000.0,10520000.0,5029.07029051
2020-01-31T09:00:00,10778000.0,10781000.0,10841000.0,10642000.0,3618.06000067
2020-02-01T09:00:00,10781000.0,10820000.0,10918000.0,10770000.0,2886.0973790999997
2020-02-02T09:00:00,10820000.0,10765000.0,10887000.0,10680000.0,3318.26175912
2020-02-03T09:00:00,10765000.0,10750000.0,10975000.0,10715000.0,3683.40186368
2020-02-04T09:00:00,10750000.0,10635000.0,10790000.0,10504000.0,4273.50735062
2020-02-05T09:00:00,10636000.0,11054000.0,11116000.0,10589000.0,5644.68431028
2020-02-06T09:00:00,11068000.0,11264000.0,11410000.0,10905000.0,5742.27238319
2020-02-07T09:00:00,11269000.0,11490000.0,11610000.0,11256000.0,4139.85704717
2020-02-08T09:00:00,11490000.0,11568000.0,11600000.0,11257000.0,4372.50942089
2020-02-09T09:00:00,11568000.0,11821000.0,11863000.0,11567000.0,4936.95291749
2020-02-10T09:00:00,11821000.0,11520000.0,11864000.0,11392000.0,5213.48423455
2020-02-11T09:00:00,11520000.0,11819000.0,11950000.0,11269000.0,6034.79122331
2020-02-12T09:00:00,11820000.0,11793000.0,11956000.0,11761000.0,6619.13819041
2020-02-13T09:00:00,11793000.0,11793000.0,12044000.0,11580000.0,9190.66395973
2020-02-14T09:00:00,11793000.0,11845000.0,11899000.0,11717000.0,4420.81384236
2020-02-15T09:00:00,11857000.0,11503000.0,11889000.0,11400000.0,4844.00618252
2020-02-16T09:00:00,11513000.0,11659000.0,11766000.0,11320000.0,5377.24392055
2020-02-17T09:00:00,11659000.0,11438000.0,11691000.0,11136000.0,5888.97179664
2020-02-18T09:00:00,11438000.0,11838000.0,11900000.0,11308000.0,5450.875883899998
2020-02-19T09:00:00,11837000.0,11415000.0,11973000.0,11350000.0,5713.59402305
2020-02-20T09:00:00,11419000.0,11520000.0,11580000.0,11350000.0,6303.71044042
2020-02-21T09:00:00,11532000.0,11498000.0,11620000.0,11454000.0,4249.29863364
2020-02-22T09:00:00,11498000.0,11496000.0,11529000.0,11395000.0,1836.08707185
2020-02-23T09:00:00,11495000.0,11753000.0,11831000.0,11482000.0,3288.45979643
2020-02-24T09:00:00,11753000.0,11633000.0,11840000.0,11555000.0,3115.02855796
2020-02-25T09:00:00,11635000.0,11330000.0,11639000.0,11280000.0,3895.25756826
2020-02-26T09:00:00,11330000.0,10741000.0,11408000.0,10628000.0,7477.71264507
2020-02-27T09:00:00,10742000.0,10699000.0,10888000.0,10313000.0,6437.73425905
2020-02-28T09:00:00,10696000.0,10575000.0,10840000.0,10306000.0,5181.61535688
2020-02-29T09:00:00,10575000.0,10374000.0,10631000.0,10371000.0,2145.36310753
2020-03-01T09:00:00,10380000.0,10374000.0,10559000.0,10287000.0,3275.71519136
2020-03-02T09:00:00,10358000.0,10675000.0,10749000.0,10326000.0,3010.56353784
2020-03-03T09:00:00,10675000.0,10502000.0,10689000.0,10405000.0,2858.43820794
2020-03-04T09:00:00,10502000.0,10503000.0,10588000.0,10420000.0,2250.68759875
2020-03-05T09:00:00,10504000.0,10791000.0,10869000.0,10494000.0,3582.13634673
2020-03-06T09:00:00,10791000.0,10840000.0,10890000.0,10720000.0,2353.86089792
2020-03-07T09:00:00,10852000.0,10678000.0,10980000.0,10648000.0,2335.98366227
2020-03-08T09:00:00,10678000.0,9876000.0,10699000.0,9820000.0,5043.98089229
2020-03-09T09:00:00,9883000.0,9726000.0,10064000.0,9356000.0,7692.57580749
2020-03-10T09:00:00,9726000.0,9574000.0,9849000.0,9413000.0,4439.33233281
2020-03-11T09:00:00,9574000.0,9510000.0,9637000.0,9163000.0,4110.01716377
2020-03-12T09:00:00,9507000.0,6363000.0,9537000.0,5980000.0,29866.02509793
2020-03-13T09:00:00,6362000.0,7267000.0,7470000.0,5489000.0,50282.2630063
2020-03-14T09:00:00,7261000.0,6823000.0,7284000.0,6600000.0,12799.58220451
2020-03-15T09:00:00,6823000.0,6909000.0,7298000.0,6660000.0,10779.97008444
2020-03-16T09:00:00,6905000.0,6385000.0,6914000.0,6000000.0,19383.80784892
2020-03-17T09:00:00,6385000.0,6774000.0,6885000.0,6280000.0,14938.32946615
2020-03-18T09:00:00,6774000.0,6823000.0,6869000.0,6767000.0,92.50757635
